ALG	DATA SET	PLEN	IT	EJECTIME	NCOM
BF	BINA.txt	4	0	0.026194	1876739
BF	BINA.txt	4	1	0.024378	1874147
BF	BINA.txt	4	2	0.024311	1874147
BF	BINA.txt	4	3	0.024254	1876739
BF	BINA.txt	4	4	0.024489	1875161
BF	BINA.txt	4	5	0.024786	1873677
BF	BINA.txt	4	6	0.025070	1876504
BF	BINA.txt	4	7	0.025248	1875161
BF	BINA.txt	4	8	0.025101	1874293
BF	BINA.txt	4	9	0.024816	1873677
BF	BINA.txt	8	0	0.026708	1993386
BF	BINA.txt	8	1	0.025877	1994339
BF	BINA.txt	8	2	0.027729	1992359
BF	BINA.txt	8	3	0.027745	1990601
BF	BINA.txt	8	4	0.025752	1990826
BF	BINA.txt	8	5	0.025812	1990655
BF	BINA.txt	8	6	0.026928	1992562
BF	BINA.txt	8	7	0.026968	1991686
BF	BINA.txt	8	8	0.026679	1991070
BF	BINA.txt	8	9	0.026757	1994501
BF	BINA.txt	16	0	0.026988	2000222
BF	BINA.txt	16	1	0.027837	1999566
BF	BINA.txt	16	2	0.025970	2002878
BF	BINA.txt	16	3	0.026023	2001741
BF	BINA.txt	16	4	0.025988	1999098
BF	BINA.txt	16	5	0.026835	1998692
BF	BINA.txt	16	6	0.027004	1999955
BF	BINA.txt	16	7	0.027050	2000046
BF	BINA.txt	16	8	0.026788	2000291
BF	BINA.txt	16	9	0.026771	1999460
BF	BINA.txt	32	0	0.027032	2000042
BF	BINA.txt	32	1	0.027416	1999614
BF	BINA.txt	32	2	0.026860	2001180
BF	BINA.txt	32	3	0.025962	1999317
BF	BINA.txt	32	4	0.026891	2000186
BF	BINA.txt	32	5	0.025968	2002543
BF	BINA.txt	32	6	0.026925	2002359
BF	BINA.txt	32	7	0.027040	2000015
BF	BINA.txt	32	8	0.027034	2000090
BF	BINA.txt	32	9	0.027886	1997933
BF	BINA.txt	64	0	0.027521	2000392
BF	BINA.txt	64	1	0.025931	1998782
BF	BINA.txt	64	2	0.027609	2000043
BF	BINA.txt	64	3	0.026003	1998623
BF	BINA.txt	64	4	0.025979	2001805
BF	BINA.txt	64	5	0.027027	2000018
BF	BINA.txt	64	6	0.027080	1999505
BF	BINA.txt	64	7	0.025970	2002886
BF	BINA.txt	64	8	0.025969	2001348
BF	BINA.txt	64	9	0.025960	1999354
BF	BINA.txt	128	0	0.026889	2000057
BF	BINA.txt	128	1	0.026784	1998975
BF	BINA.txt	128	2	0.026820	2002264
BF	BINA.txt	128	3	0.027035	1999629
BF	BINA.txt	128	4	0.027479	1998945
BF	BINA.txt	128	5	0.028355	1999206
BF	BINA.txt	128	6	0.028324	2000162
BF	BINA.txt	128	7	0.028124	1999768
BF	BINA.txt	128	8	0.025979	2002003
BF	BINA.txt	128	9	0.026859	2001367
KMP	BINA.txt	4	0	0.021748	1678839
KMP	BINA.txt	4	1	0.022854	1750611
KMP	BINA.txt	4	2	0.025471	2062693
KMP	BINA.txt	4	3	0.021721	1678839
KMP	BINA.txt	4	4	0.021726	1677793
KMP	BINA.txt	4	5	0.022845	1751375
KMP	BINA.txt	4	6	0.024157	1899033
KMP	BINA.txt	4	7	0.024842	1998814
KMP	BINA.txt	4	8	0.025456	2062696
KMP	BINA.txt	4	9	0.022607	1749135
KMP	BINA.txt	8	0	0.021863	1654669
KMP	BINA.txt	8	1	0.023009	1764697
KMP	BINA.txt	8	2	0.022813	1745969
KMP	BINA.txt	8	3	0.021908	1671074
KMP	BINA.txt	8	4	0.020865	1580072
KMP	BINA.txt	8	5	0.023025	1807877
KMP	BINA.txt	8	6	0.024806	2020079
KMP	BINA.txt	8	7	0.024831	2015831
KMP	BINA.txt	8	8	0.024889	1976252
KMP	BINA.txt	8	9	0.024188	1894147
KMP	BINA.txt	16	0	0.021358	1599128
KMP	BINA.txt	16	1	0.021542	1674411
KMP	BINA.txt	16	2	0.021656	1630838
KMP	BINA.txt	16	3	0.022906	1814966
KMP	BINA.txt	16	4	0.021665	1641516
KMP	BINA.txt	16	5	0.024450	1966058
KMP	BINA.txt	16	6	0.020583	1530666
KMP	BINA.txt	16	7	0.023309	1836027
KMP	BINA.txt	16	8	0.021583	1653820
KMP	BINA.txt	16	9	0.022272	1709070
KMP	BINA.txt	32	0	0.022639	1752459
KMP	BINA.txt	32	1	0.022508	1726710
KMP	BINA.txt	32	2	0.023648	1853835
KMP	BINA.txt	32	3	0.024404	1919458
KMP	BINA.txt	32	4	0.020440	1522216
KMP	BINA.txt	32	5	0.024342	1910792
KMP	BINA.txt	32	6	0.024210	1889355
KMP	BINA.txt	32	7	0.022199	1704151
KMP	BINA.txt	32	8	0.020129	1511654
KMP	BINA.txt	32	9	0.021571	1615745
KMP	BINA.txt	64	0	0.020957	1585579
KMP	BINA.txt	64	1	0.020576	1534838
KMP	BINA.txt	64	2	0.021274	1595847
KMP	BINA.txt	64	3	0.021576	1645215
KMP	BINA.txt	64	4	0.022672	1748118
KMP	BINA.txt	64	5	0.020125	1512103
KMP	BINA.txt	64	6	0.022596	1736374
KMP	BINA.txt	64	7	0.020646	1550869
KMP	BINA.txt	64	8	0.022658	1766761
KMP	BINA.txt	64	9	0.024396	1958605
KMP	BINA.txt	128	0	0.020702	1573987
KMP	BINA.txt	128	1	0.024579	1823126
KMP	BINA.txt	128	2	0.020399	1524163
KMP	BINA.txt	128	3	0.020647	1538842
KMP	BINA.txt	128	4	0.022576	1792185
KMP	BINA.txt	128	5	0.021610	1624716
KMP	BINA.txt	128	6	0.020635	1534270
KMP	BINA.txt	128	7	0.023622	1852978
KMP	BINA.txt	128	8	0.021533	1667534
KMP	BINA.txt	128	9	0.022608	1737579
BMH	BINA.txt	4	0	0.019796	1163809
BMH	BINA.txt	4	1	0.023079	1377239
BMH	BINA.txt	4	2	0.019830	1164911
BMH	BINA.txt	4	3	0.023340	1436455
BMH	BINA.txt	4	4	0.016590	978269
BMH	BINA.txt	4	5	0.017576	1062460
BMH	BINA.txt	4	6	0.016633	978269
BMH	BINA.txt	4	7	0.023349	1436907
BMH	BINA.txt	4	8	0.017641	1064278
BMH	BINA.txt	4	9	0.019802	1164911
BMH	BINA.txt	8	0	0.020025	1185808
BMH	BINA.txt	8	1	0.016548	974828
BMH	BINA.txt	8	2	0.016467	975323
BMH	BINA.txt	8	3	0.010503	625957
BMH	BINA.txt	8	4	0.025148	1492544
BMH	BINA.txt	8	5	0.025142	1494895
BMH	BINA.txt	8	6	0.020054	1187180
BMH	BINA.txt	8	7	0.013908	823768
BMH	BINA.txt	8	8	0.019047	1180146
BMH	BINA.txt	8	9	0.020085	1186112
BMH	BINA.txt	16	0	0.019183	1188096
BMH	BINA.txt	16	1	0.019127	1188132
BMH	BINA.txt	16	2	0.024372	1498621
BMH	BINA.txt	16	3	0.025264	1499356
BMH	BINA.txt	16	4	0.019133	1189316
BMH	BINA.txt	16	5	0.020023	1188731
BMH	BINA.txt	16	6	0.016399	974599
BMH	BINA.txt	16	7	0.020058	1188099
BMH	BINA.txt	16	8	0.024389	1498560
BMH	BINA.txt	16	9	0.019125	1188083
BMH	BINA.txt	32	0	0.025256	1502431
BMH	BINA.txt	32	1	0.020016	1188131
BMH	BINA.txt	32	2	0.025272	1499370
BMH	BINA.txt	32	3	0.016440	973248
BMH	BINA.txt	32	4	0.020023	1188726
BMH	BINA.txt	32	5	0.010019	627469
BMH	BINA.txt	32	6	0.024363	1499017
BMH	BINA.txt	32	7	0.019167	1187850
BMH	BINA.txt	32	8	0.013812	823154
BMH	BINA.txt	32	9	0.025198	1500292
BMH	BINA.txt	64	0	0.024380	1499389
BMH	BINA.txt	64	1	0.019138	1189445
BMH	BINA.txt	64	2	0.016468	975051
BMH	BINA.txt	64	3	0.024376	1499501
BMH	BINA.txt	64	4	0.020073	1188204
BMH	BINA.txt	64	5	0.024363	1498420
BMH	BINA.txt	64	6	0.025257	1502241
BMH	BINA.txt	64	7	0.019157	1186518
BMH	BINA.txt	64	8	0.011876	709544
BMH	BINA.txt	64	9	0.024375	1499064
BMH	BINA.txt	128	0	0.020021	1188323
BMH	BINA.txt	128	1	0.020007	1187334
BMH	BINA.txt	128	2	0.015623	972706
BMH	BINA.txt	128	3	0.010404	622619
BMH	BINA.txt	128	4	0.013086	821536
BMH	BINA.txt	128	5	0.024361	1498369
BMH	BINA.txt	128	6	0.019127	1189318
BMH	BINA.txt	128	7	0.019134	1189180
BMH	BINA.txt	128	8	0.015689	977434
BMH	BINA.txt	128	9	0.025202	1500172
BF	RDNA.txt	4	0	0.018465	1355908
BF	RDNA.txt	4	1	0.018544	1335935
BF	RDNA.txt	4	2	0.017311	1323575
BF	RDNA.txt	4	3	0.017979	1382220
BF	RDNA.txt	4	4	0.019212	1368635
BF	RDNA.txt	4	5	0.018117	1320103
BF	RDNA.txt	4	6	0.017952	1307524
BF	RDNA.txt	4	7	0.016387	1252924
BF	RDNA.txt	4	8	0.018772	1352946
BF	RDNA.txt	4	9	0.018759	1348693
BF	RDNA.txt	8	0	0.018695	1351133
BF	RDNA.txt	8	1	0.018933	1365572
BF	RDNA.txt	8	2	0.018130	1378292
BF	RDNA.txt	8	3	0.017365	1330430
BF	RDNA.txt	8	4	0.017572	1348433
BF	RDNA.txt	8	5	0.017934	1334002
BF	RDNA.txt	8	6	0.017657	1367426
BF	RDNA.txt	8	7	0.018027	1336633
BF	RDNA.txt	8	8	0.017536	1301665
BF	RDNA.txt	8	9	0.017429	1333833
BF	RDNA.txt	16	0	0.017999	1337541
BF	RDNA.txt	16	1	0.018002	1340135
BF	RDNA.txt	16	2	0.018017	1310563
BF	RDNA.txt	16	3	0.018049	1312733
BF	RDNA.txt	16	4	0.017204	1323474
BF	RDNA.txt	16	5	0.018100	1377331
BF	RDNA.txt	16	6	0.018540	1342019
BF	RDNA.txt	16	7	0.017185	1333514
BF	RDNA.txt	16	8	0.017641	1305494
BF	RDNA.txt	16	9	0.018044	1315683
BF	RDNA.txt	32	0	0.018059	1315957
BF	RDNA.txt	32	1	0.017897	1325963
BF	RDNA.txt	32	2	0.018241	1381874
BF	RDNA.txt	32	3	0.017659	1353053
BF	RDNA.txt	32	4	0.018607	1365002
BF	RDNA.txt	32	5	0.018951	1361584
BF	RDNA.txt	32	6	0.018408	1332767
BF	RDNA.txt	32	7	0.018723	1347207
BF	RDNA.txt	32	8	0.019413	1380851
BF	RDNA.txt	32	9	0.018319	1337961
BF	RDNA.txt	64	0	0.018741	1346310
BF	RDNA.txt	64	1	0.018476	1337413
BF	RDNA.txt	64	2	0.018134	1378707
BF	RDNA.txt	64	3	0.018604	1364684
BF	RDNA.txt	64	4	0.017994	1338540
BF	RDNA.txt	64	5	0.017633	1316023
BF	RDNA.txt	64	6	0.018525	1342293
BF	RDNA.txt	64	7	0.017356	1330234
BF	RDNA.txt	64	8	0.018035	1390800
BF	RDNA.txt	64	9	0.019279	1377175
BF	RDNA.txt	128	0	0.018096	1316690
BF	RDNA.txt	128	1	0.017695	1310155
BF	RDNA.txt	128	2	0.017903	1312154
BF	RDNA.txt	128	3	0.018089	1333766
BF	RDNA.txt	128	4	0.017364	1328544
BF	RDNA.txt	128	5	0.017131	1330361
BF	RDNA.txt	128	6	0.017523	1303093
BF	RDNA.txt	128	7	0.017469	1303468
BF	RDNA.txt	128	8	0.017633	1366264
BF	RDNA.txt	128	9	0.018587	1343422
KMP	RDNA.txt	4	0	0.018120	1355109
KMP	RDNA.txt	4	1	0.017975	1347603
KMP	RDNA.txt	4	2	0.016626	1300859
KMP	RDNA.txt	4	3	0.015486	1259563
KMP	RDNA.txt	4	4	0.017338	1328204
KMP	RDNA.txt	4	5	0.017356	1325344
KMP	RDNA.txt	4	6	0.017460	1324870
KMP	RDNA.txt	4	7	0.017889	1343685
KMP	RDNA.txt	4	8	0.018023	1339513
KMP	RDNA.txt	4	9	0.017496	1325586
KMP	RDNA.txt	8	0	0.016113	1274787
KMP	RDNA.txt	8	1	0.016924	1297641
KMP	RDNA.txt	8	2	0.015342	1235655
KMP	RDNA.txt	8	3	0.015301	1236214
KMP	RDNA.txt	8	4	0.015633	1248799
KMP	RDNA.txt	8	5	0.018737	1377184
KMP	RDNA.txt	8	6	0.018029	1347414
KMP	RDNA.txt	8	7	0.017699	1330870
KMP	RDNA.txt	8	8	0.017285	1308119
KMP	RDNA.txt	8	9	0.015812	1261253
KMP	RDNA.txt	16	0	0.017835	1335413
KMP	RDNA.txt	16	1	0.018006	1347679
KMP	RDNA.txt	16	2	0.017389	1318030
KMP	RDNA.txt	16	3	0.017759	1337329
KMP	RDNA.txt	16	4	0.015488	1241486
KMP	RDNA.txt	16	5	0.017976	1346106
KMP	RDNA.txt	16	6	0.017340	1312153
KMP	RDNA.txt	16	7	0.017588	1324401
KMP	RDNA.txt	16	8	0.015756	1259925
KMP	RDNA.txt	16	9	0.016279	1281321
KMP	RDNA.txt	32	0	0.017589	1324081
KMP	RDNA.txt	32	1	0.018176	1353344
KMP	RDNA.txt	32	2	0.017992	1345709
KMP	RDNA.txt	32	3	0.018266	1356588
KMP	RDNA.txt	32	4	0.017824	1337627
KMP	RDNA.txt	32	5	0.018759	1379767
KMP	RDNA.txt	32	6	0.016392	1283896
KMP	RDNA.txt	32	7	0.015600	1252250
KMP	RDNA.txt	32	8	0.017155	1305887
KMP	RDNA.txt	32	9	0.015696	1255727
KMP	RDNA.txt	64	0	0.018249	1355761
KMP	RDNA.txt	64	1	0.016023	1271966
KMP	RDNA.txt	64	2	0.018834	1381265
KMP	RDNA.txt	64	3	0.018248	1355453
KMP	RDNA.txt	64	4	0.016866	1290341
KMP	RDNA.txt	64	5	0.016805	1291135
KMP	RDNA.txt	64	6	0.016836	1291259
KMP	RDNA.txt	64	7	0.017122	1302109
KMP	RDNA.txt	64	8	0.015668	1252197
KMP	RDNA.txt	64	9	0.018682	1375299
KMP	RDNA.txt	128	0	0.017349	1312901
KMP	RDNA.txt	128	1	0.015261	1235320
KMP	RDNA.txt	128	2	0.016443	1289397
KMP	RDNA.txt	128	3	0.018837	1384899
KMP	RDNA.txt	128	4	0.016885	1291671
KMP	RDNA.txt	128	5	0.018532	1369829
KMP	RDNA.txt	128	6	0.018368	1360631
KMP	RDNA.txt	128	7	0.017638	1333800
KMP	RDNA.txt	128	8	0.016831	1290822
KMP	RDNA.txt	128	9	0.016712	1286744
BMH	RDNA.txt	4	0	0.009348	559979
BMH	RDNA.txt	4	1	0.007533	468383
BMH	RDNA.txt	4	2	0.008716	531134
BMH	RDNA.txt	4	3	0.008422	525675
BMH	RDNA.txt	4	4	0.009379	576673
BMH	RDNA.txt	4	5	0.008201	508089
BMH	RDNA.txt	4	6	0.008232	514902
BMH	RDNA.txt	4	7	0.008682	532278
BMH	RDNA.txt	4	8	0.009080	572478
BMH	RDNA.txt	4	9	0.009096	566910
BMH	RDNA.txt	8	0	0.006944	423803
BMH	RDNA.txt	8	1	0.008546	529189
BMH	RDNA.txt	8	2	0.010400	628127
BMH	RDNA.txt	8	3	0.006894	424220
BMH	RDNA.txt	8	4	0.004491	276004
BMH	RDNA.txt	8	5	0.007056	434343
BMH	RDNA.txt	8	6	0.006760	421397
BMH	RDNA.txt	8	7	0.007325	460219
BMH	RDNA.txt	8	8	0.004640	287585
BMH	RDNA.txt	8	9	0.005352	326169
BMH	RDNA.txt	16	0	0.007098	429776
BMH	RDNA.txt	16	1	0.004721	288729
BMH	RDNA.txt	16	2	0.004553	286446
BMH	RDNA.txt	16	3	0.004771	290833
BMH	RDNA.txt	16	4	0.006973	425146
BMH	RDNA.txt	16	5	0.007065	434439
BMH	RDNA.txt	16	6	0.004775	292524
BMH	RDNA.txt	16	7	0.006462	390127
BMH	RDNA.txt	16	8	0.004394	272114
BMH	RDNA.txt	16	9	0.004208	263409
BMH	RDNA.txt	32	0	0.006549	405620
BMH	RDNA.txt	32	1	0.003203	196751
BMH	RDNA.txt	32	2	0.007588	466632
BMH	RDNA.txt	32	3	0.007215	454561
BMH	RDNA.txt	32	4	0.007387	444482
BMH	RDNA.txt	32	5	0.004201	254887
BMH	RDNA.txt	32	6	0.004517	275778
BMH	RDNA.txt	32	7	0.003794	232316
BMH	RDNA.txt	32	8	0.006980	426270
BMH	RDNA.txt	32	9	0.004939	301478
BMH	RDNA.txt	64	0	0.007211	445474
BMH	RDNA.txt	64	1	0.006362	391302
BMH	RDNA.txt	64	2	0.002964	179947
BMH	RDNA.txt	64	3	0.004671	290863
BMH	RDNA.txt	64	4	0.008057	503958
BMH	RDNA.txt	64	5	0.008777	550875
BMH	RDNA.txt	64	6	0.005859	362918
BMH	RDNA.txt	64	7	0.003186	196340
BMH	RDNA.txt	64	8	0.005552	343360
BMH	RDNA.txt	64	9	0.007056	434293
BMH	RDNA.txt	128	0	0.005352	325131
BMH	RDNA.txt	128	1	0.006553	400882
BMH	RDNA.txt	128	2	0.006473	391465
BMH	RDNA.txt	128	3	0.005559	349285
BMH	RDNA.txt	128	4	0.004420	276413
BMH	RDNA.txt	128	5	0.006435	396509
BMH	RDNA.txt	128	6	0.005600	354327
BMH	RDNA.txt	128	7	0.008086	505411
BMH	RDNA.txt	128	8	0.006328	382397
BMH	RDNA.txt	128	9	0.006889	434749
BF	SDNA.txt	4	0	0.018331	1326895
BF	SDNA.txt	4	1	0.017609	1328329
BF	SDNA.txt	4	2	0.018445	1328844
BF	SDNA.txt	4	3	0.018386	1327181
BF	SDNA.txt	4	4	0.018376	1328426
BF	SDNA.txt	4	5	0.017507	1326842
BF	SDNA.txt	4	6	0.018491	1328621
BF	SDNA.txt	4	7	0.018463	1328679
BF	SDNA.txt	4	8	0.018500	1328143
BF	SDNA.txt	4	9	0.018395	1328822
BF	SDNA.txt	8	0	0.018432	1333340
BF	SDNA.txt	8	1	0.018494	1333703
BF	SDNA.txt	8	2	0.018448	1332552
BF	SDNA.txt	8	3	0.018460	1334619
BF	SDNA.txt	8	4	0.018487	1333995
BF	SDNA.txt	8	5	0.018454	1332555
BF	SDNA.txt	8	6	0.018568	1334389
BF	SDNA.txt	8	7	0.018615	1333907
BF	SDNA.txt	8	8	0.018567	1333566
BF	SDNA.txt	8	9	0.018538	1332722
BF	SDNA.txt	16	0	0.018554	1333593
BF	SDNA.txt	16	1	0.018575	1333725
BF	SDNA.txt	16	2	0.018521	1331897
BF	SDNA.txt	16	3	0.018530	1332497
BF	SDNA.txt	16	4	0.017411	1334124
BF	SDNA.txt	16	5	0.018436	1333950
BF	SDNA.txt	16	6	0.017624	1334601
BF	SDNA.txt	16	7	0.018397	1331985
BF	SDNA.txt	16	8	0.018489	1333938
BF	SDNA.txt	16	9	0.017652	1333728
BF	SDNA.txt	32	0	0.018159	1332430
BF	SDNA.txt	32	1	0.017562	1331920
BF	SDNA.txt	32	2	0.017357	1331913
BF	SDNA.txt	32	3	0.018513	1333728
BF	SDNA.txt	32	4	0.018591	1334171
BF	SDNA.txt	32	5	0.018503	1333507
BF	SDNA.txt	32	6	0.017448	1334069
BF	SDNA.txt	32	7	0.018537	1333105
BF	SDNA.txt	32	8	0.017616	1333758
BF	SDNA.txt	32	9	0.018442	1332176
BF	SDNA.txt	64	0	0.017666	1334369
BF	SDNA.txt	64	1	0.017600	1333456
BF	SDNA.txt	64	2	0.018100	1332394
BF	SDNA.txt	64	3	0.018541	1333781
BF	SDNA.txt	64	4	0.018508	1332518
BF	SDNA.txt	64	5	0.018490	1331872
BF	SDNA.txt	64	6	0.018596	1332373
BF	SDNA.txt	64	7	0.017606	1333675
BF	SDNA.txt	64	8	0.018525	1332022
BF	SDNA.txt	64	9	0.018541	1333998
BF	SDNA.txt	128	0	0.018519	1334224
BF	SDNA.txt	128	1	0.018548	1334159
BF	SDNA.txt	128	2	0.017613	1333639
BF	SDNA.txt	128	3	0.018449	1332351
BF	SDNA.txt	128	4	0.018446	1334196
BF	SDNA.txt	128	5	0.018409	1332511
BF	SDNA.txt	128	6	0.018485	1333968
BF	SDNA.txt	128	7	0.018481	1333193
BF	SDNA.txt	128	8	0.017562	1331927
BF	SDNA.txt	128	9	0.018400	1332128
KMP	SDNA.txt	4	0	0.017698	1329315
KMP	SDNA.txt	4	1	0.016210	1275293
KMP	SDNA.txt	4	2	0.016211	1275440
KMP	SDNA.txt	4	3	0.018061	1339064
KMP	SDNA.txt	4	4	0.018054	1338660
KMP	SDNA.txt	4	5	0.017684	1329109
KMP	SDNA.txt	4	6	0.018084	1339563
KMP	SDNA.txt	4	7	0.017989	1338640
KMP	SDNA.txt	4	8	0.016265	1275834
KMP	SDNA.txt	4	9	0.018100	1340448
KMP	SDNA.txt	8	0	0.017896	1328392
KMP	SDNA.txt	8	1	0.016123	1266926
KMP	SDNA.txt	8	2	0.015822	1253194
KMP	SDNA.txt	8	3	0.017491	1312575
KMP	SDNA.txt	8	4	0.018010	1332309
KMP	SDNA.txt	8	5	0.017524	1313953
KMP	SDNA.txt	8	6	0.016127	1265475
KMP	SDNA.txt	8	7	0.017965	1332582
KMP	SDNA.txt	8	8	0.016125	1267098
KMP	SDNA.txt	8	9	0.016074	1264973
KMP	SDNA.txt	16	0	0.018064	1334409
KMP	SDNA.txt	16	1	0.017492	1312590
KMP	SDNA.txt	16	2	0.017430	1308677
KMP	SDNA.txt	16	3	0.017971	1332220
KMP	SDNA.txt	16	4	0.017974	1332865
KMP	SDNA.txt	16	5	0.017999	1333728
KMP	SDNA.txt	16	6	0.017572	1313890
KMP	SDNA.txt	16	7	0.017493	1312514
KMP	SDNA.txt	16	8	0.017578	1313928
KMP	SDNA.txt	16	9	0.017948	1331550
KMP	SDNA.txt	32	0	0.017825	1327406
KMP	SDNA.txt	32	1	0.017486	1312717
KMP	SDNA.txt	32	2	0.017858	1327183
KMP	SDNA.txt	32	3	0.017989	1333280
KMP	SDNA.txt	32	4	0.017867	1326933
KMP	SDNA.txt	32	5	0.017806	1326861
KMP	SDNA.txt	32	6	0.018002	1334184
KMP	SDNA.txt	32	7	0.017828	1327300
KMP	SDNA.txt	32	8	0.018041	1333745
KMP	SDNA.txt	32	9	0.017983	1333165
KMP	SDNA.txt	64	0	0.015745	1249571
KMP	SDNA.txt	64	1	0.017952	1332741
KMP	SDNA.txt	64	2	0.017946	1332093
KMP	SDNA.txt	64	3	0.018021	1333732
KMP	SDNA.txt	64	4	0.017324	1307160
KMP	SDNA.txt	64	5	0.018007	1332569
KMP	SDNA.txt	64	6	0.017940	1331933
KMP	SDNA.txt	64	7	0.017993	1334345
KMP	SDNA.txt	64	8	0.016083	1265744
KMP	SDNA.txt	64	9	0.018033	1333725
KMP	SDNA.txt	128	0	0.016092	1266622
KMP	SDNA.txt	128	1	0.016129	1266050
KMP	SDNA.txt	128	2	0.017519	1314415
KMP	SDNA.txt	128	3	0.016108	1267074
KMP	SDNA.txt	128	4	0.017358	1308378
KMP	SDNA.txt	128	5	0.017867	1327158
KMP	SDNA.txt	128	6	0.018000	1334561
KMP	SDNA.txt	128	7	0.017963	1332845
KMP	SDNA.txt	128	8	0.017978	1333566
KMP	SDNA.txt	128	9	0.017523	1314536
BMH	SDNA.txt	4	0	0.007788	471438
BMH	SDNA.txt	4	1	0.008925	557219
BMH	SDNA.txt	4	2	0.007788	471940
BMH	SDNA.txt	4	3	0.009318	562286
BMH	SDNA.txt	4	4	0.007806	472474
BMH	SDNA.txt	4	5	0.008132	507574
BMH	SDNA.txt	4	6	0.007192	435249
BMH	SDNA.txt	4	7	0.009335	563836
BMH	SDNA.txt	4	8	0.009271	563033
BMH	SDNA.txt	4	9	0.007767	470990
BMH	SDNA.txt	8	0	0.005486	332730
BMH	SDNA.txt	8	1	0.004746	296214
BMH	SDNA.txt	8	2	0.006450	402976
BMH	SDNA.txt	8	3	0.005006	313861
BMH	SDNA.txt	8	4	0.007508	469255
BMH	SDNA.txt	8	5	0.008998	562722
BMH	SDNA.txt	8	6	0.009276	561776
BMH	SDNA.txt	8	7	0.006155	374198
BMH	SDNA.txt	8	8	0.009267	563179
BMH	SDNA.txt	8	9	0.006613	401877
BMH	SDNA.txt	16	0	0.008432	512221
BMH	SDNA.txt	16	1	0.005036	315212
BMH	SDNA.txt	16	2	0.004638	281485
BMH	SDNA.txt	16	3	0.004997	312320
BMH	SDNA.txt	16	4	0.006442	403701
BMH	SDNA.txt	16	5	0.005493	333129
BMH	SDNA.txt	16	6	0.005467	332066
BMH	SDNA.txt	16	7	0.006645	403472
BMH	SDNA.txt	16	8	0.007506	468863
BMH	SDNA.txt	16	9	0.007500	468930
BMH	SDNA.txt	32	0	0.005179	313954
BMH	SDNA.txt	32	1	0.003848	233924
BMH	SDNA.txt	32	2	0.008409	511395
BMH	SDNA.txt	32	3	0.006253	375847
BMH	SDNA.txt	32	4	0.009266	563034
BMH	SDNA.txt	32	5	0.008431	512537
BMH	SDNA.txt	32	6	0.006629	402930
BMH	SDNA.txt	32	7	0.004560	282746
BMH	SDNA.txt	32	8	0.007147	434395
BMH	SDNA.txt	32	9	0.009267	563466
BMH	SDNA.txt	64	0	0.005772	350788
BMH	SDNA.txt	64	1	0.007139	433944
BMH	SDNA.txt	64	2	0.007721	469277
BMH	SDNA.txt	64	3	0.002609	157383
BMH	SDNA.txt	64	4	0.008199	512619
BMH	SDNA.txt	64	5	0.004992	311920
BMH	SDNA.txt	64	6	0.006035	376980
BMH	SDNA.txt	64	7	0.007145	434328
BMH	SDNA.txt	64	8	0.004564	281926
BMH	SDNA.txt	64	9	0.007116	432847
BMH	SDNA.txt	128	0	0.005800	352159
BMH	SDNA.txt	128	1	0.006208	377312
BMH	SDNA.txt	128	2	0.005472	332299
BMH	SDNA.txt	128	3	0.008483	512832
BMH	SDNA.txt	128	4	0.006919	434304
BMH	SDNA.txt	128	5	0.008403	511449
BMH	SDNA.txt	128	6	0.004652	282150
BMH	SDNA.txt	128	7	0.009270	563850
BMH	SDNA.txt	128	8	0.007102	432046
BMH	SDNA.txt	128	9	0.006614	402496
BF	RLNG.txt	4	0	0.013171	1110726
BF	RLNG.txt	4	1	0.011050	1017721
BF	RLNG.txt	4	2	0.011048	1019736
BF	RLNG.txt	4	3	0.014778	1175399
BF	RLNG.txt	4	4	0.011939	1056701
BF	RLNG.txt	4	5	0.012466	1076968
BF	RLNG.txt	4	6	0.011564	1040631
BF	RLNG.txt	4	7	0.011184	1024742
BF	RLNG.txt	4	8	0.012148	1066311
BF	RLNG.txt	4	9	0.011125	1022541
BF	RLNG.txt	8	0	0.014830	1175107
BF	RLNG.txt	8	1	0.011927	1056087
BF	RLNG.txt	8	2	0.013683	1133140
BF	RLNG.txt	8	3	0.012042	1061604
BF	RLNG.txt	8	4	0.011933	1058578
BF	RLNG.txt	8	5	0.013400	1119555
BF	RLNG.txt	8	6	0.012166	1066044
BF	RLNG.txt	8	7	0.011462	1036720
BF	RLNG.txt	8	8	0.010835	1008554
BF	RLNG.txt	8	9	0.012015	1060126
BF	RLNG.txt	16	0	0.011988	1059876
BF	RLNG.txt	16	1	0.013298	1113566
BF	RLNG.txt	16	2	0.011140	1024363
BF	RLNG.txt	16	3	0.011551	1040780
BF	RLNG.txt	16	4	0.013359	1113706
BF	RLNG.txt	16	5	0.012408	1076050
BF	RLNG.txt	16	6	0.011547	1035902
BF	RLNG.txt	16	7	0.012330	1073708
BF	RLNG.txt	16	8	0.012509	1081564
BF	RLNG.txt	16	9	0.011015	1016170
BF	RLNG.txt	32	0	0.013280	1114977
BF	RLNG.txt	32	1	0.014509	1166657
BF	RLNG.txt	32	2	0.013253	1113306
BF	RLNG.txt	32	3	0.012342	1072677
BF	RLNG.txt	32	4	0.014781	1173302
BF	RLNG.txt	32	5	0.011027	1018839
BF	RLNG.txt	32	6	0.014848	1180367
BF	RLNG.txt	32	7	0.012014	1058104
BF	RLNG.txt	32	8	0.012239	1068977
BF	RLNG.txt	32	9	0.012406	1075796
BF	RLNG.txt	64	0	0.011417	1035014
BF	RLNG.txt	64	1	0.011942	1056567
BF	RLNG.txt	64	2	0.010970	1016824
BF	RLNG.txt	64	3	0.012040	1058526
BF	RLNG.txt	64	4	0.011430	1036087
BF	RLNG.txt	64	5	0.011399	1034860
BF	RLNG.txt	64	6	0.013030	1100862
BF	RLNG.txt	64	7	0.011162	1024057
BF	RLNG.txt	64	8	0.012692	1088117
BF	RLNG.txt	64	9	0.011972	1058129
BF	RLNG.txt	128	0	0.012399	1074976
BF	RLNG.txt	128	1	0.013454	1123054
BF	RLNG.txt	128	2	0.014697	1174771
BF	RLNG.txt	128	3	0.011924	1055808
BF	RLNG.txt	128	4	0.012362	1076362
BF	RLNG.txt	128	5	0.014723	1174940
BF	RLNG.txt	128	6	0.012126	1063804
BF	RLNG.txt	128	7	0.013389	1119392
BF	RLNG.txt	128	8	0.011922	1055432
BF	RLNG.txt	128	9	0.011233	1024875
KMP	RLNG.txt	4	0	0.015409	1271655
KMP	RLNG.txt	4	1	0.010172	1024778
KMP	RLNG.txt	4	2	0.011449	1077434
KMP	RLNG.txt	4	3	0.012417	1122866
KMP	RLNG.txt	4	4	0.013644	1169221
KMP	RLNG.txt	4	5	0.012544	1121935
KMP	RLNG.txt	4	6	0.013708	1175598
KMP	RLNG.txt	4	7	0.011724	1088345
KMP	RLNG.txt	4	8	0.010189	1027167
KMP	RLNG.txt	4	9	0.010964	1059795
KMP	RLNG.txt	8	0	0.009663	1002110
KMP	RLNG.txt	8	1	0.010155	1023396
KMP	RLNG.txt	8	2	0.010198	1025018
KMP	RLNG.txt	8	3	0.011541	1081760
KMP	RLNG.txt	8	4	0.013606	1167548
KMP	RLNG.txt	8	5	0.013281	1147979
KMP	RLNG.txt	8	6	0.013691	1171547
KMP	RLNG.txt	8	7	0.010630	1041028
KMP	RLNG.txt	8	8	0.012150	1109854
KMP	RLNG.txt	8	9	0.011820	1096642
KMP	RLNG.txt	16	0	0.011538	1083910
KMP	RLNG.txt	16	1	0.011185	1069432
KMP	RLNG.txt	16	2	0.013289	1146448
KMP	RLNG.txt	16	3	0.010738	1040791
KMP	RLNG.txt	16	4	0.011335	1070656
KMP	RLNG.txt	16	5	0.013287	1145639
KMP	RLNG.txt	16	6	0.011540	1081822
KMP	RLNG.txt	16	7	0.011512	1077917
KMP	RLNG.txt	16	8	0.011990	1097085
KMP	RLNG.txt	16	9	0.011086	1066239
KMP	RLNG.txt	32	0	0.011988	1100879
KMP	RLNG.txt	32	1	0.013550	1167023
KMP	RLNG.txt	32	2	0.011213	1070079
KMP	RLNG.txt	32	3	0.011066	1060780
KMP	RLNG.txt	32	4	0.010515	1035334
KMP	RLNG.txt	32	5	0.010198	1025347
KMP	RLNG.txt	32	6	0.011678	1087955
KMP	RLNG.txt	32	7	0.013617	1166580
KMP	RLNG.txt	32	8	0.010920	1056595
KMP	RLNG.txt	32	9	0.010817	1053095
KMP	RLNG.txt	64	0	0.011026	1056606
KMP	RLNG.txt	64	1	0.009879	1010809
KMP	RLNG.txt	64	2	0.011016	1059398
KMP	RLNG.txt	64	3	0.011052	1057615
KMP	RLNG.txt	64	4	0.010229	1025601
KMP	RLNG.txt	64	5	0.011606	1083943
KMP	RLNG.txt	64	6	0.011328	1072166
KMP	RLNG.txt	64	7	0.012248	1111284
KMP	RLNG.txt	64	8	0.010038	1016165
KMP	RLNG.txt	64	9	0.013280	1145917
KMP	RLNG.txt	128	0	0.009972	1013989
KMP	RLNG.txt	128	1	0.011130	1066716
KMP	RLNG.txt	128	2	0.010086	1016044
KMP	RLNG.txt	128	3	0.010256	1025713
KMP	RLNG.txt	128	4	0.010329	1028006
KMP	RLNG.txt	128	5	0.011337	1071122
KMP	RLNG.txt	128	6	0.011273	1067132
KMP	RLNG.txt	128	7	0.010116	1020248
KMP	RLNG.txt	128	8	0.011736	1088406
KMP	RLNG.txt	128	9	0.011815	1096819
BMH	RLNG.txt	4	0	0.005146	338218
BMH	RLNG.txt	4	1	0.005458	348639
BMH	RLNG.txt	4	2	0.004119	293986
BMH	RLNG.txt	4	3	0.005348	348390
BMH	RLNG.txt	4	4	0.003941	284690
BMH	RLNG.txt	4	5	0.006255	393310
BMH	RLNG.txt	4	6	0.004159	311830
BMH	RLNG.txt	4	7	0.004994	338167
BMH	RLNG.txt	4	8	0.004330	304610
BMH	RLNG.txt	4	9	0.003788	279507
BMH	RLNG.txt	8	0	0.002602	182886
BMH	RLNG.txt	8	1	0.002228	166646
BMH	RLNG.txt	8	2	0.002437	173093
BMH	RLNG.txt	8	3	0.002423	176875
BMH	RLNG.txt	8	4	0.003738	232554
BMH	RLNG.txt	8	5	0.002089	157755
BMH	RLNG.txt	8	6	0.002773	197928
BMH	RLNG.txt	8	7	0.003623	225089
BMH	RLNG.txt	8	8	0.002375	172118
BMH	RLNG.txt	8	9	0.002438	177290
BMH	RLNG.txt	16	0	0.001660	114860
BMH	RLNG.txt	16	1	0.001653	110148
BMH	RLNG.txt	16	2	0.001504	109009
BMH	RLNG.txt	16	3	0.001553	114024
BMH	RLNG.txt	16	4	0.001693	111545
BMH	RLNG.txt	16	5	0.001960	129476
BMH	RLNG.txt	16	6	0.001682	113342
BMH	RLNG.txt	16	7	0.001523	110644
BMH	RLNG.txt	16	8	0.001946	126155
BMH	RLNG.txt	16	9	0.002107	137587
BMH	RLNG.txt	32	0	0.001355	87252
BMH	RLNG.txt	32	1	0.001519	96668
BMH	RLNG.txt	32	2	0.001300	90318
BMH	RLNG.txt	32	3	0.001353	86444
BMH	RLNG.txt	32	4	0.001137	78353
BMH	RLNG.txt	32	5	0.001035	74080
BMH	RLNG.txt	32	6	0.001099	80058
BMH	RLNG.txt	32	7	0.001169	81211
BMH	RLNG.txt	32	8	0.001769	108042
BMH	RLNG.txt	32	9	0.001128	80793
BMH	RLNG.txt	64	0	0.000989	70116
BMH	RLNG.txt	64	1	0.000948	62779
BMH	RLNG.txt	64	2	0.000697	49944
BMH	RLNG.txt	64	3	0.001166	80611
BMH	RLNG.txt	64	4	0.000711	51732
BMH	RLNG.txt	64	5	0.001063	72043
BMH	RLNG.txt	64	6	0.001138	74084
BMH	RLNG.txt	64	7	0.001047	68784
BMH	RLNG.txt	64	8	0.000666	46767
BMH	RLNG.txt	64	9	0.001515	91760
BMH	RLNG.txt	128	0	0.000645	44251
BMH	RLNG.txt	128	1	0.000774	48741
BMH	RLNG.txt	128	2	0.000689	49330
BMH	RLNG.txt	128	3	0.001093	66455
BMH	RLNG.txt	128	4	0.000988	68101
BMH	RLNG.txt	128	5	0.001033	65662
BMH	RLNG.txt	128	6	0.000657	46473
BMH	RLNG.txt	128	7	0.000773	50441
BMH	RLNG.txt	128	8	0.000690	49999
BMH	RLNG.txt	128	9	0.000946	57399
BF	SLNG.txt	4	0	0.014893	1188918
BF	SLNG.txt	4	1	0.014832	1185161
BF	SLNG.txt	4	2	0.015678	1209481
BF	SLNG.txt	4	3	0.014872	1186327
BF	SLNG.txt	4	4	0.015401	1204173
BF	SLNG.txt	4	5	0.011619	1043045
BF	SLNG.txt	4	6	0.012120	1063469
BF	SLNG.txt	4	7	0.012180	1065185
BF	SLNG.txt	4	8	0.014889	1186709
BF	SLNG.txt	4	9	0.012488	1078443
BF	SLNG.txt	8	0	0.011194	1025583
BF	SLNG.txt	8	1	0.012494	1080184
BF	SLNG.txt	8	2	0.012351	1071404
BF	SLNG.txt	8	3	0.013374	1118283
BF	SLNG.txt	8	4	0.012819	1092881
BF	SLNG.txt	8	5	0.015173	1195070
BF	SLNG.txt	8	6	0.012658	1088779
BF	SLNG.txt	8	7	0.014932	1185147
BF	SLNG.txt	8	8	0.013216	1111408
BF	SLNG.txt	8	9	0.012090	1061291
BF	SLNG.txt	16	0	0.011058	1019915
BF	SLNG.txt	16	1	0.011840	1052179
BF	SLNG.txt	16	2	0.015296	1197312
BF	SLNG.txt	16	3	0.015103	1193799
BF	SLNG.txt	16	4	0.012366	1071688
BF	SLNG.txt	16	5	0.012373	1070387
BF	SLNG.txt	16	6	0.013068	1106155
BF	SLNG.txt	16	7	0.012834	1093773
BF	SLNG.txt	16	8	0.012253	1069191
BF	SLNG.txt	16	9	0.013330	1116347
BF	SLNG.txt	32	0	0.011623	1042039
BF	SLNG.txt	32	1	0.012117	1064896
BF	SLNG.txt	32	2	0.016101	1250145
BF	SLNG.txt	32	3	0.014924	1185282
BF	SLNG.txt	32	4	0.012975	1100186
BF	SLNG.txt	32	5	0.013269	1114384
BF	SLNG.txt	32	6	0.012061	1061608
BF	SLNG.txt	32	7	0.016111	1250736
BF	SLNG.txt	32	8	0.013257	1111190
BF	SLNG.txt	32	9	0.011211	1026148
BF	SLNG.txt	64	0	0.013033	1105744
BF	SLNG.txt	64	1	0.012301	1071452
BF	SLNG.txt	64	2	0.014827	1182905
BF	SLNG.txt	64	3	0.012048	1061236
BF	SLNG.txt	64	4	0.015240	1197241
BF	SLNG.txt	64	5	0.012042	1062389
BF	SLNG.txt	64	6	0.012287	1070747
BF	SLNG.txt	64	7	0.011124	1022391
BF	SLNG.txt	64	8	0.010987	1016929
BF	SLNG.txt	64	9	0.011791	1050483
BF	SLNG.txt	128	0	0.011966	1057699
BF	SLNG.txt	128	1	0.013471	1121755
BF	SLNG.txt	128	2	0.012112	1062301
BF	SLNG.txt	128	3	0.013287	1111064
BF	SLNG.txt	128	4	0.015049	1197987
BF	SLNG.txt	128	5	0.013277	1113583
BF	SLNG.txt	128	6	0.012184	1067807
BF	SLNG.txt	128	7	0.014731	1179052
BF	SLNG.txt	128	8	0.011486	1037301
BF	SLNG.txt	128	9	0.012240	1070375
KMP	SLNG.txt	4	0	0.010251	1027435
KMP	SLNG.txt	4	1	0.011090	1064573
KMP	SLNG.txt	4	2	0.011329	1067755
KMP	SLNG.txt	4	3	0.014823	1228457
KMP	SLNG.txt	4	4	0.011006	1061341
KMP	SLNG.txt	4	5	0.011112	1064358
KMP	SLNG.txt	4	6	0.011110	1062103
KMP	SLNG.txt	4	7	0.010955	1059221
KMP	SLNG.txt	4	8	0.013915	1184015
KMP	SLNG.txt	4	9	0.011400	1078649
KMP	SLNG.txt	8	0	0.013120	1139237
KMP	SLNG.txt	8	1	0.010301	1025114
KMP	SLNG.txt	8	2	0.010179	1024700
KMP	SLNG.txt	8	3	0.010214	1026064
KMP	SLNG.txt	8	4	0.011403	1075698
KMP	SLNG.txt	8	5	0.012002	1101423
KMP	SLNG.txt	8	6	0.011242	1072899
KMP	SLNG.txt	8	7	0.011974	1099811
KMP	SLNG.txt	8	8	0.010106	1021886
KMP	SLNG.txt	8	9	0.010105	1021558
KMP	SLNG.txt	16	0	0.013748	1175637
KMP	SLNG.txt	16	1	0.014300	1195805
KMP	SLNG.txt	16	2	0.011193	1070559
KMP	SLNG.txt	16	3	0.014803	1228625
KMP	SLNG.txt	16	4	0.011873	1093550
KMP	SLNG.txt	16	5	0.015007	1239634
KMP	SLNG.txt	16	6	0.011069	1064170
KMP	SLNG.txt	16	7	0.014120	1190171
KMP	SLNG.txt	16	8	0.011122	1063867
KMP	SLNG.txt	16	9	0.010794	1052157
KMP	SLNG.txt	32	0	0.011252	1068601
KMP	SLNG.txt	32	1	0.014354	1198100
KMP	SLNG.txt	32	2	0.011394	1077461
KMP	SLNG.txt	32	3	0.011002	1059263
KMP	SLNG.txt	32	4	0.010963	1059354
KMP	SLNG.txt	32	5	0.014747	1224800
KMP	SLNG.txt	32	6	0.010985	1058429
KMP	SLNG.txt	32	7	0.013697	1176221
KMP	SLNG.txt	32	8	0.011164	1067166
KMP	SLNG.txt	32	9	0.011401	1072317
KMP	SLNG.txt	64	0	0.011090	1059079
KMP	SLNG.txt	64	1	0.010192	1021770
KMP	SLNG.txt	64	2	0.010156	1022447
KMP	SLNG.txt	64	3	0.011363	1071974
KMP	SLNG.txt	64	4	0.013859	1181192
KMP	SLNG.txt	64	5	0.011469	1072716
KMP	SLNG.txt	64	6	0.013906	1183134
KMP	SLNG.txt	64	7	0.011593	1082584
KMP	SLNG.txt	64	8	0.011320	1069414
KMP	SLNG.txt	64	9	0.009676	1002406
KMP	SLNG.txt	128	0	0.012006	1100052
KMP	SLNG.txt	128	1	0.013765	1178193
KMP	SLNG.txt	128	2	0.011031	1058206
KMP	SLNG.txt	128	3	0.011457	1079924
KMP	SLNG.txt	128	4	0.012330	1111811
KMP	SLNG.txt	128	5	0.009692	1002562
KMP	SLNG.txt	128	6	0.013177	1141621
KMP	SLNG.txt	128	7	0.010612	1037936
KMP	SLNG.txt	128	8	0.010871	1052217
KMP	SLNG.txt	128	9	0.014189	1194000
BMH	SLNG.txt	4	0	0.003935	288274
BMH	SLNG.txt	4	1	0.004397	314855
BMH	SLNG.txt	4	2	0.005384	360542
BMH	SLNG.txt	4	3	0.004323	304833
BMH	SLNG.txt	4	4	0.004821	335414
BMH	SLNG.txt	4	5	0.004233	316358
BMH	SLNG.txt	4	6	0.004403	307910
BMH	SLNG.txt	4	7	0.004453	314758
BMH	SLNG.txt	4	8	0.004130	309728
BMH	SLNG.txt	4	9	0.004471	316012
BMH	SLNG.txt	8	0	0.004087	253654
BMH	SLNG.txt	8	1	0.002235	158879
BMH	SLNG.txt	8	2	0.003296	208873
BMH	SLNG.txt	8	3	0.003153	210342
BMH	SLNG.txt	8	4	0.002728	176653
BMH	SLNG.txt	8	5	0.003290	215415
BMH	SLNG.txt	8	6	0.003604	224223
BMH	SLNG.txt	8	7	0.002979	198572
BMH	SLNG.txt	8	8	0.003568	224411
BMH	SLNG.txt	8	9	0.002837	184460
BMH	SLNG.txt	16	0	0.002096	136524
BMH	SLNG.txt	16	1	0.001661	120007
BMH	SLNG.txt	16	2	0.001646	114491
BMH	SLNG.txt	16	3	0.001917	124085
BMH	SLNG.txt	16	4	0.001497	109313
BMH	SLNG.txt	16	5	0.001794	119514
BMH	SLNG.txt	16	6	0.001620	115076
BMH	SLNG.txt	16	7	0.001549	112561
BMH	SLNG.txt	16	8	0.001670	123004
BMH	SLNG.txt	16	9	0.001980	132930
BMH	SLNG.txt	32	0	0.000883	65174
BMH	SLNG.txt	32	1	0.000976	68582
BMH	SLNG.txt	32	2	0.001520	94133
BMH	SLNG.txt	32	3	0.001529	93988
BMH	SLNG.txt	32	4	0.000912	67504
BMH	SLNG.txt	32	5	0.000941	68668
BMH	SLNG.txt	32	6	0.000891	66582
BMH	SLNG.txt	32	7	0.001592	99509
BMH	SLNG.txt	32	8	0.001212	82031
BMH	SLNG.txt	32	9	0.000987	73365
BMH	SLNG.txt	64	0	0.000835	58886
BMH	SLNG.txt	64	1	0.000861	57608
BMH	SLNG.txt	64	2	0.000932	58680
BMH	SLNG.txt	64	3	0.000718	49641
BMH	SLNG.txt	64	4	0.000898	62783
BMH	SLNG.txt	64	5	0.000726	51308
BMH	SLNG.txt	64	6	0.001116	68678
BMH	SLNG.txt	64	7	0.000750	54621
BMH	SLNG.txt	64	8	0.000878	62916
BMH	SLNG.txt	64	9	0.000783	55606
BMH	SLNG.txt	128	0	0.000726	47731
BMH	SLNG.txt	128	1	0.000897	63454
BMH	SLNG.txt	128	2	0.000833	53008
BMH	SLNG.txt	128	3	0.000735	50634
BMH	SLNG.txt	128	4	0.000861	57486
BMH	SLNG.txt	128	5	0.000825	55132
BMH	SLNG.txt	128	6	0.000822	56793
BMH	SLNG.txt	128	7	0.000697	47442
BMH	SLNG.txt	128	8	0.000898	58816
BMH	SLNG.txt	128	9	0.000847	58587
